JobTitle,company,JobLocation,JobType,DaysPostedAgo,Applied?,MatchPercentage,LinkToApply,NoOfSkillsJobDemanded,SkillsJobDemended,NoOfMatchedSkills,MatchedSkills,NoOfUnmatchedSkills,UnmatchedSkills,NoOfExtraSkillsYouHave,ExtraSkillsYouHave,MyTotalSkills
 University Relations - Data Science Intern," Blue Cross Blue Shield of IL, MT, NM, OK & TX"," Chicago, IL", Internship,9,Y,100,https://www.indeed.com/rc/clk?jk=47cc0acc4b5d09df&fccid=f0982fe98d8ebba0&vjs=3,4,"Analytics, C, R, Reporting",4,"Analytics, C, R, Reporting",0,,104,"Python, Statistical Learning, Leadership, Code, Tools, Toad, Computer, ETL, MapReduce, Machine Learning Algorithms, Decision making, Processing, sci-kit learn, Analysis, Data Science, Tableau, Quantitative, SAP HANA, CNN, Tensorflow, HANA, Quantitative Analysis, Decision Making, Design, Jupyter Notebooks, C++, Hadoop Streaming, NLTK, Oracle, image classification problem, C, Windows, Spyder, Predictive Quantitative Analysis, Technology, Excel, Big Data, MS Excel, Programming, Operations, Keras, Exploratory Data Analysis, Convolutional Neural Network, Data Analysis, Mac, Computer Science, Translation, Flume, Data, Science, Matplotlib, Multivariate Analysis, Hadoop, Statistical Analysis, Coding, Management, Algorithms, Pig, Seaborn, Statistics, Optimization, Statistical Modelling, Business Objects, Linux, Data Mining, Developer, R-Studio, Java, Data Warehousing, OLAP, Data Sets, SAP Business Objects, Microsoft Azure, SAS, Certifications, Spark, Numpy, sklearn, Enterprise Miner, Big Data Analytics, Development, Pandas, Text Analytics, Reporting, Data Analytics, Decision Analytics, Oracle SQL Developer, SQL, PLSQL, Information Technology, Reports, Image Processing, Hive, Technical, MS Visual Studio, Analytics, Hadoop ecosystem, Forecasting, Data Visualization, Sqoop, image classification, Networks, Lumira, SAP NetWeaver, BEX Query Designer and Analyzer, R, SAP Design Studio, C#",108
 Internship: Data Analyst, Covance," Indianapolis, IN", Internship,2,Y,88.46,https://www.indeed.com/rc/clk?jk=b8fa08ea0f5b0753&fccid=8c8fa600b6a5fdd5&vjs=3,26,"SAS, Python, Planning, Healthcare, Tools, C, Computer, Development, Management, Algorithms, Data Analytics, Decision making, Processing, Analysis, Tableau, Mac, Data Mining, Computer Science, Analytics, Forecasting, Decision Making, Design, Organization, Data, Science, R",23,"SAS, Python, Tools, C, Computer, Development, Management, Algorithms, Data Analytics, Decision making, Processing, Analysis, Tableau, Mac, Data Mining, Computer Science, Analytics, Forecasting, Decision Making, Design, Data, Science, R",3,"Healthcare, Organization, Planning",85,"Python, Statistical Learning, Leadership, Code, Tools, Toad, Computer, ETL, MapReduce, Machine Learning Algorithms, Decision making, Processing, sci-kit learn, Analysis, Data Science, Tableau, Quantitative, SAP HANA, CNN, Tensorflow, HANA, Quantitative Analysis, Decision Making, Design, Jupyter Notebooks, C++, Hadoop Streaming, NLTK, Oracle, image classification problem, C, Windows, Spyder, Predictive Quantitative Analysis, Technology, Excel, Big Data, MS Excel, Programming, Operations, Keras, Exploratory Data Analysis, Convolutional Neural Network, Data Analysis, Mac, Computer Science, Translation, Flume, Data, Science, Matplotlib, Multivariate Analysis, Hadoop, Statistical Analysis, Coding, Management, Algorithms, Pig, Seaborn, Statistics, Optimization, Statistical Modelling, Business Objects, Linux, Data Mining, Developer, R-Studio, Java, Data Warehousing, OLAP, Data Sets, SAP Business Objects, Microsoft Azure, SAS, Certifications, Spark, Numpy, sklearn, Enterprise Miner, Big Data Analytics, Development, Pandas, Text Analytics, Reporting, Data Analytics, Decision Analytics, Oracle SQL Developer, SQL, PLSQL, Information Technology, Reports, Image Processing, Hive, Technical, MS Visual Studio, Analytics, Hadoop ecosystem, Forecasting, Data Visualization, Sqoop, image classification, Networks, Lumira, SAP NetWeaver, BEX Query Designer and Analyzer, R, SAP Design Studio, C#",108
 Data Science Research Intern, Adobe," San Jose, CA"," Full-time, Internship",1,Y,84,https://www.indeed.com/rc/clk?jk=620e3d35e63c1aa4&fccid=f89deb5a97c7738a&vjs=3,25,"Communication, Hadoop, C, Big Data Analytics, Computer, Big Data, Statistics, MapReduce, Programming, Applications, Data Analytics, Analysis, Technical, Mac, Data Mining, Computer Science, Analytics, Hadoop ecosystem, Web, Java, Data, Science, Data Sets, R, Research",21,"Hadoop, C, Big Data Analytics, Computer, Big Data, Statistics, MapReduce, Programming, Data Analytics, Analysis, Technical, Mac, Data Mining, Computer Science, Analytics, Hadoop ecosystem, Java, Data, Science, Data Sets, R",4,"Communication, Applications, Web, Research",87,"Python, Statistical Learning, Leadership, Code, Tools, Toad, Computer, ETL, MapReduce, Machine Learning Algorithms, Decision making, Processing, sci-kit learn, Analysis, Data Science, Tableau, Quantitative, SAP HANA, CNN, Tensorflow, HANA, Quantitative Analysis, Decision Making, Design, Jupyter Notebooks, C++, Hadoop Streaming, NLTK, Oracle, image classification problem, C, Windows, Spyder, Predictive Quantitative Analysis, Technology, Excel, Big Data, MS Excel, Programming, Operations, Keras, Exploratory Data Analysis, Convolutional Neural Network, Data Analysis, Mac, Computer Science, Translation, Flume, Data, Science, Matplotlib, Multivariate Analysis, Hadoop, Statistical Analysis, Coding, Management, Algorithms, Pig, Seaborn, Statistics, Optimization, Statistical Modelling, Business Objects, Linux, Data Mining, Developer, R-Studio, Java, Data Warehousing, OLAP, Data Sets, SAP Business Objects, Microsoft Azure, SAS, Certifications, Spark, Numpy, sklearn, Enterprise Miner, Big Data Analytics, Development, Pandas, Text Analytics, Reporting, Data Analytics, Decision Analytics, Oracle SQL Developer, SQL, PLSQL, Information Technology, Reports, Image Processing, Hive, Technical, MS Visual Studio, Analytics, Hadoop ecosystem, Forecasting, Data Visualization, Sqoop, image classification, Networks, Lumira, SAP NetWeaver, BEX Query Designer and Analyzer, R, SAP Design Studio, C#",108
 Data Science Intern, Lazard Ltd.," New York, NY"," Full-time, Internship",5,Y,75,https://www.indeed.com/rc/clk?jk=86e08c21ad96882c&fccid=65e91efcff7188c2&vjs=3,32,"Python, Tools, C, Computer, Management, Responsibility, Algorithms, Statistics, Programming, Data Analytics, Machine Learning Algorithms, SQL, Analyze Data, Data Science, Tableau, Financial, Quantitative, Mac, Programming Languages, Computer Science, Analytics, Database, Matlab, Data Visualization, Java, Data, Languages, Science, Databases, C++, Data Sets, R",24,"Python, Tools, C, Computer, Management, Algorithms, Statistics, Programming, Data Analytics, Machine Learning Algorithms, SQL, Data Science, Tableau, Quantitative, Mac, Computer Science, Analytics, Data Visualization, Java, Data, Science, C++, Data Sets, R",8,"Matlab, Responsibility, Analyze Data, Programming Languages, Financial, Languages, Databases, Database",84,"Python, Statistical Learning, Leadership, Code, Tools, Toad, Computer, ETL, MapReduce, Machine Learning Algorithms, Decision making, Processing, sci-kit learn, Analysis, Data Science, Tableau, Quantitative, SAP HANA, CNN, Tensorflow, HANA, Quantitative Analysis, Decision Making, Design, Jupyter Notebooks, C++, Hadoop Streaming, NLTK, Oracle, image classification problem, C, Windows, Spyder, Predictive Quantitative Analysis, Technology, Excel, Big Data, MS Excel, Programming, Operations, Keras, Exploratory Data Analysis, Convolutional Neural Network, Data Analysis, Mac, Computer Science, Translation, Flume, Data, Science, Matplotlib, Multivariate Analysis, Hadoop, Statistical Analysis, Coding, Management, Algorithms, Pig, Seaborn, Statistics, Optimization, Statistical Modelling, Business Objects, Linux, Data Mining, Developer, R-Studio, Java, Data Warehousing, OLAP, Data Sets, SAP Business Objects, Microsoft Azure, SAS, Certifications, Spark, Numpy, sklearn, Enterprise Miner, Big Data Analytics, Development, Pandas, Text Analytics, Reporting, Data Analytics, Decision Analytics, Oracle SQL Developer, SQL, PLSQL, Information Technology, Reports, Image Processing, Hive, Technical, MS Visual Studio, Analytics, Hadoop ecosystem, Forecasting, Data Visualization, Sqoop, image classification, Networks, Lumira, SAP NetWeaver, BEX Query Designer and Analyzer, R, SAP Design Studio, C#",108
 Machine Learning Software Intern, Cadence Design Systems," Pittsburgh, PA"," Full-time, Internship",9,Y,75,https://www.indeed.com/rc/clk?jk=fc522711d6892ca2&fccid=391006290e845887&vjs=3,24,"Python, Tools, C, Computer, Development, Technology, Algorithms, Software Development, C++, Optimization, EDA, Engineering, Analysis, Data Science, Mac, Computer Science, Tensorflow, Machine Learning Techniques, Design, Data, Science, Software, R, Research",18,"Analysis, Algorithms, Python, Data Science, Design, Mac, Computer Science, Data, Optimization, Tensorflow, Tools, C, Science, C++, Computer, Development, R, Technology",6,"Software Development, Machine Learning Techniques, EDA, Engineering, Software, Research",90,"Python, Statistical Learning, Leadership, Code, Tools, Toad, Computer, ETL, MapReduce, Machine Learning Algorithms, Decision making, Processing, sci-kit learn, Analysis, Data Science, Tableau, Quantitative, SAP HANA, CNN, Tensorflow, HANA, Quantitative Analysis, Decision Making, Design, Jupyter Notebooks, C++, Hadoop Streaming, NLTK, Oracle, image classification problem, C, Windows, Spyder, Predictive Quantitative Analysis, Technology, Excel, Big Data, MS Excel, Programming, Operations, Keras, Exploratory Data Analysis, Convolutional Neural Network, Data Analysis, Mac, Computer Science, Translation, Flume, Data, Science, Matplotlib, Multivariate Analysis, Hadoop, Statistical Analysis, Coding, Management, Algorithms, Pig, Seaborn, Statistics, Optimization, Statistical Modelling, Business Objects, Linux, Data Mining, Developer, R-Studio, Java, Data Warehousing, OLAP, Data Sets, SAP Business Objects, Microsoft Azure, SAS, Certifications, Spark, Numpy, sklearn, Enterprise Miner, Big Data Analytics, Development, Pandas, Text Analytics, Reporting, Data Analytics, Decision Analytics, Oracle SQL Developer, SQL, PLSQL, Information Technology, Reports, Image Processing, Hive, Technical, MS Visual Studio, Analytics, Hadoop ecosystem, Forecasting, Data Visualization, Sqoop, image classification, Networks, Lumira, SAP NetWeaver, BEX Query Designer and Analyzer, R, SAP Design Studio, C#",108
 Machine Learning Software Intern, Cadence Design Systems," Pittsburgh, PA"," Full-time, Internship",9,,75,https://www.indeed.com/rc/clk?jk=fc522711d6892ca2&fccid=391006290e845887&vjs=3,24,"Python, Tools, C, Computer, Development, Technology, Algorithms, Software Development, C++, Optimization, EDA, Engineering, Analysis, Data Science, Mac, Computer Science, Tensorflow, Machine Learning Techniques, Design, Data, Science, Software, R, Research",18,"Analysis, Algorithms, Python, Data Science, Design, Mac, Computer Science, Data, Optimization, Tensorflow, Tools, C, Science, C++, Computer, Development, R, Technology",6,"Software Development, Machine Learning Techniques, EDA, Engineering, Software, Research",90,"Python, Statistical Learning, Leadership, Code, Tools, Toad, Computer, ETL, MapReduce, Machine Learning Algorithms, Decision making, Processing, sci-kit learn, Analysis, Data Science, Tableau, Quantitative, SAP HANA, CNN, Tensorflow, HANA, Quantitative Analysis, Decision Making, Design, Jupyter Notebooks, C++, Hadoop Streaming, NLTK, Oracle, image classification problem, C, Windows, Spyder, Predictive Quantitative Analysis, Technology, Excel, Big Data, MS Excel, Programming, Operations, Keras, Exploratory Data Analysis, Convolutional Neural Network, Data Analysis, Mac, Computer Science, Translation, Flume, Data, Science, Matplotlib, Multivariate Analysis, Hadoop, Statistical Analysis, Coding, Management, Algorithms, Pig, Seaborn, Statistics, Optimization, Statistical Modelling, Business Objects, Linux, Data Mining, Developer, R-Studio, Java, Data Warehousing, OLAP, Data Sets, SAP Business Objects, Microsoft Azure, SAS, Certifications, Spark, Numpy, sklearn, Enterprise Miner, Big Data Analytics, Development, Pandas, Text Analytics, Reporting, Data Analytics, Decision Analytics, Oracle SQL Developer, SQL, PLSQL, Information Technology, Reports, Image Processing, Hive, Technical, MS Visual Studio, Analytics, Hadoop ecosystem, Forecasting, Data Visualization, Sqoop, image classification, Networks, Lumira, SAP NetWeaver, BEX Query Designer and Analyzer, R, SAP Design Studio, C#",108
 SUMMER INTERNSHIP - Data Scientist, IST Research," Fredericksburg, VA"," $600 a week - Temporary, Internship",1,,73.68,https://www.indeed.com/rc/clk?jk=75b2f2621b2647ec&fccid=c7be54197249c3dc&vjs=3,19,"Analysis, SAS, image classification, Python, Design, Data Science, Big Data, Mac, Data, Developer, Assessment, Security, C, Science, Software, Data Flow, R, Technology, Research",14,"Analysis, SAS, image classification, Python, Design, Data Science, Big Data, Mac, Data, Developer, C, Science, R, Technology",5,"Assessment, Security, Software, Data Flow, Research",94,"Python, Statistical Learning, Leadership, Code, Tools, Toad, Computer, ETL, MapReduce, Machine Learning Algorithms, Decision making, Processing, sci-kit learn, Analysis, Data Science, Tableau, Quantitative, SAP HANA, CNN, Tensorflow, HANA, Quantitative Analysis, Decision Making, Design, Jupyter Notebooks, C++, Hadoop Streaming, NLTK, Oracle, image classification problem, C, Windows, Spyder, Predictive Quantitative Analysis, Technology, Excel, Big Data, MS Excel, Programming, Operations, Keras, Exploratory Data Analysis, Convolutional Neural Network, Data Analysis, Mac, Computer Science, Translation, Flume, Data, Science, Matplotlib, Multivariate Analysis, Hadoop, Statistical Analysis, Coding, Management, Algorithms, Pig, Seaborn, Statistics, Optimization, Statistical Modelling, Business Objects, Linux, Data Mining, Developer, R-Studio, Java, Data Warehousing, OLAP, Data Sets, SAP Business Objects, Microsoft Azure, SAS, Certifications, Spark, Numpy, sklearn, Enterprise Miner, Big Data Analytics, Development, Pandas, Text Analytics, Reporting, Data Analytics, Decision Analytics, Oracle SQL Developer, SQL, PLSQL, Information Technology, Reports, Image Processing, Hive, Technical, MS Visual Studio, Analytics, Hadoop ecosystem, Forecasting, Data Visualization, Sqoop, image classification, Networks, Lumira, SAP NetWeaver, BEX Query Designer and Analyzer, R, SAP Design Studio, C#",108
 Data Science Intern, Square," San Francisco, CA 94103", Internship,0.92,Y,70,https://www.indeed.com/rc/clk?jk=f69899a687b50b42&fccid=09abad886b83c501&vjs=3,40,"Python, Mathematics, Tools, C, Numpy, sklearn, Computer, Ruby, Development, ETL, Pandas, Management, Visualizations, Software Development, Statistics, Programming, Verbal, SQL, Data Analysis, Analysis, Hive, Technical, Tableau, Linux, Mac, Software, Computer Science, Analytics, Database, Design, Java, Relational Databases, Data, Languages, Science, Math, Databases, C++, R, Research",28,"Python, Tools, C, Numpy, sklearn, Computer, ETL, Development, Management, Pandas, Statistics, Programming, SQL, Data Analysis, Analysis, Hive, Technical, Tableau, Linux, Mac, Computer Science, Analytics, Design, Java, Data, Science, C++, R",12,"Visualizations, Software Development, Relational Databases, Languages, Mathematics, Verbal, Math, Databases, Software, Ruby, Research, Database",80,"Python, Statistical Learning, Leadership, Code, Tools, Toad, Computer, ETL, MapReduce, Machine Learning Algorithms, Decision making, Processing, sci-kit learn, Analysis, Data Science, Tableau, Quantitative, SAP HANA, CNN, Tensorflow, HANA, Quantitative Analysis, Decision Making, Design, Jupyter Notebooks, C++, Hadoop Streaming, NLTK, Oracle, image classification problem, C, Windows, Spyder, Predictive Quantitative Analysis, Technology, Excel, Big Data, MS Excel, Programming, Operations, Keras, Exploratory Data Analysis, Convolutional Neural Network, Data Analysis, Mac, Computer Science, Translation, Flume, Data, Science, Matplotlib, Multivariate Analysis, Hadoop, Statistical Analysis, Coding, Management, Algorithms, Pig, Seaborn, Statistics, Optimization, Statistical Modelling, Business Objects, Linux, Data Mining, Developer, R-Studio, Java, Data Warehousing, OLAP, Data Sets, SAP Business Objects, Microsoft Azure, SAS, Certifications, Spark, Numpy, sklearn, Enterprise Miner, Big Data Analytics, Development, Pandas, Text Analytics, Reporting, Data Analytics, Decision Analytics, Oracle SQL Developer, SQL, PLSQL, Information Technology, Reports, Image Processing, Hive, Technical, MS Visual Studio, Analytics, Hadoop ecosystem, Forecasting, Data Visualization, Sqoop, image classification, Networks, Lumira, SAP NetWeaver, BEX Query Designer and Analyzer, R, SAP Design Studio, C#",108
 Data Intern | SaaS, Enervee," Los Angeles, CA"," Temporary, Internship",0.96,Y,70,https://www.indeed.com/rc/clk?jk=8a8b01b0e5414d94&fccid=84d549a6881698f3&vjs=3,20,"Data Visualization, Data Visualizations, Visualizations, Python, Data Science, Analysis, Technical, Statistics, Data, C, Science, SQL, Engineering, Database, Large Data Sets, Data Sets, Data Analysis, R, Research, Reports",14,"Data Visualization, Analysis, Python, Data Science, Technical, Statistics, Data, C, Science, SQL, Data Sets, Data Analysis, R, Reports",6,"Data Visualizations, Visualizations, Engineering, Large Data Sets, Research, Database",94,"Python, Statistical Learning, Leadership, Code, Tools, Toad, Computer, ETL, MapReduce, Machine Learning Algorithms, Decision making, Processing, sci-kit learn, Analysis, Data Science, Tableau, Quantitative, SAP HANA, CNN, Tensorflow, HANA, Quantitative Analysis, Decision Making, Design, Jupyter Notebooks, C++, Hadoop Streaming, NLTK, Oracle, image classification problem, C, Windows, Spyder, Predictive Quantitative Analysis, Technology, Excel, Big Data, MS Excel, Programming, Operations, Keras, Exploratory Data Analysis, Convolutional Neural Network, Data Analysis, Mac, Computer Science, Translation, Flume, Data, Science, Matplotlib, Multivariate Analysis, Hadoop, Statistical Analysis, Coding, Management, Algorithms, Pig, Seaborn, Statistics, Optimization, Statistical Modelling, Business Objects, Linux, Data Mining, Developer, R-Studio, Java, Data Warehousing, OLAP, Data Sets, SAP Business Objects, Microsoft Azure, SAS, Certifications, Spark, Numpy, sklearn, Enterprise Miner, Big Data Analytics, Development, Pandas, Text Analytics, Reporting, Data Analytics, Decision Analytics, Oracle SQL Developer, SQL, PLSQL, Information Technology, Reports, Image Processing, Hive, Technical, MS Visual Studio, Analytics, Hadoop ecosystem, Forecasting, Data Visualization, Sqoop, image classification, Networks, Lumira, SAP NetWeaver, BEX Query Designer and Analyzer, R, SAP Design Studio, C#",108
 Analytics Intern, Helix," San Carlos, CA", Internship,7,Y,70,https://www.indeed.com/rc/clk?jk=63121af040984af1&fccid=f4656ea61815b8d4&vjs=3,30,"SAS, Python, Visio, Code, C, Computer, Google Analytics, Development, Vision, Excel, Responsibility, Reporting, Statistics, Applications, SQL, Engineering, Data Analysis, Personal, Analysis, Data Science, Quantitative, Computer Science, Analytics, Metrics, Data Visualization, Design, Logic, Data, Science, R",21,"SAS, Python, Code, C, Computer, Development, Excel, Reporting, Statistics, SQL, Data Analysis, Analysis, Data Science, Quantitative, Computer Science, Analytics, Data Visualization, Design, Data, Science, R",9,"Responsibility, Logic, Metrics, Applications, Visio, Engineering, Google Analytics, Vision, Personal",87,"Python, Statistical Learning, Leadership, Code, Tools, Toad, Computer, ETL, MapReduce, Machine Learning Algorithms, Decision making, Processing, sci-kit learn, Analysis, Data Science, Tableau, Quantitative, SAP HANA, CNN, Tensorflow, HANA, Quantitative Analysis, Decision Making, Design, Jupyter Notebooks, C++, Hadoop Streaming, NLTK, Oracle, image classification problem, C, Windows, Spyder, Predictive Quantitative Analysis, Technology, Excel, Big Data, MS Excel, Programming, Operations, Keras, Exploratory Data Analysis, Convolutional Neural Network, Data Analysis, Mac, Computer Science, Translation, Flume, Data, Science, Matplotlib, Multivariate Analysis, Hadoop, Statistical Analysis, Coding, Management, Algorithms, Pig, Seaborn, Statistics, Optimization, Statistical Modelling, Business Objects, Linux, Data Mining, Developer, R-Studio, Java, Data Warehousing, OLAP, Data Sets, SAP Business Objects, Microsoft Azure, SAS, Certifications, Spark, Numpy, sklearn, Enterprise Miner, Big Data Analytics, Development, Pandas, Text Analytics, Reporting, Data Analytics, Decision Analytics, Oracle SQL Developer, SQL, PLSQL, Information Technology, Reports, Image Processing, Hive, Technical, MS Visual Studio, Analytics, Hadoop ecosystem, Forecasting, Data Visualization, Sqoop, image classification, Networks, Lumira, SAP NetWeaver, BEX Query Designer and Analyzer, R, SAP Design Studio, C#",108
 Data Science Intern - PhD/Masters," Pixalate, Inc."," Playa Vista, CA"," Full-time, Temporary, Internship",9,Y,70,https://www.indeed.com/rc/clk?jk=aa998645330482bc&fccid=86d4b5da3ae0fbfe&vjs=3,40,"Python, Statistical Analysis, Leadership, Mathematics, Tools, C, Computer, Algorithms, Mobile, Big Data, Reporting, Statistics, Programming,  concepts, Optimization, Machine Learning Algorithms, SQL, Processing, Data Analysis, Scripting Languages, Analysis, Data Science, Technical, Quantitative, Mac, Data Mining, Physics, Creative, Computer Science, Analytics, Web, Advanced SQL, Data, Languages, Innovation, Science, Math, Data Sets, R, Research",28,"Python, Statistical Analysis, Leadership, Tools, C, Computer, Algorithms, Big Data, Reporting, Statistics, Programming, Optimization, Machine Learning Algorithms, SQL, Processing, Data Analysis, Analysis, Data Science, Technical, Quantitative, Mac, Data Mining, Computer Science, Analytics, Data, Science, Data Sets, R",12,"Mobile, Advanced SQL, Physics, Creative,  concepts, Languages, Mathematics, Innovation, Research, Math, Web, Scripting Languages",80,"Python, Statistical Learning, Leadership, Code, Tools, Toad, Computer, ETL, MapReduce, Machine Learning Algorithms, Decision making, Processing, sci-kit learn, Analysis, Data Science, Tableau, Quantitative, SAP HANA, CNN, Tensorflow, HANA, Quantitative Analysis, Decision Making, Design, Jupyter Notebooks, C++, Hadoop Streaming, NLTK, Oracle, image classification problem, C, Windows, Spyder, Predictive Quantitative Analysis, Technology, Excel, Big Data, MS Excel, Programming, Operations, Keras, Exploratory Data Analysis, Convolutional Neural Network, Data Analysis, Mac, Computer Science, Translation, Flume, Data, Science, Matplotlib, Multivariate Analysis, Hadoop, Statistical Analysis, Coding, Management, Algorithms, Pig, Seaborn, Statistics, Optimization, Statistical Modelling, Business Objects, Linux, Data Mining, Developer, R-Studio, Java, Data Warehousing, OLAP, Data Sets, SAP Business Objects, Microsoft Azure, SAS, Certifications, Spark, Numpy, sklearn, Enterprise Miner, Big Data Analytics, Development, Pandas, Text Analytics, Reporting, Data Analytics, Decision Analytics, Oracle SQL Developer, SQL, PLSQL, Information Technology, Reports, Image Processing, Hive, Technical, MS Visual Studio, Analytics, Hadoop ecosystem, Forecasting, Data Visualization, Sqoop, image classification, Networks, Lumira, SAP NetWeaver, BEX Query Designer and Analyzer, R, SAP Design Studio, C#",108
 Data Science Intern - PhD/Masters," Pixalate, Inc."," Playa Vista, CA"," Full-time, Temporary, Internship",9,,70,https://www.indeed.com/rc/clk?jk=aa998645330482bc&fccid=86d4b5da3ae0fbfe&vjs=3,40,"Python, Statistical Analysis, Leadership, Mathematics, Tools, C, Computer, Algorithms, Mobile, Big Data, Reporting, Statistics, Programming,  concepts, Optimization, Machine Learning Algorithms, SQL, Processing, Data Analysis, Scripting Languages, Analysis, Data Science, Technical, Quantitative, Mac, Data Mining, Physics, Creative, Computer Science, Analytics, Web, Advanced SQL, Data, Languages, Innovation, Science, Math, Data Sets, R, Research",28,"Python, Statistical Analysis, Leadership, Tools, C, Computer, Algorithms, Big Data, Reporting, Statistics, Programming, Optimization, Machine Learning Algorithms, SQL, Processing, Data Analysis, Analysis, Data Science, Technical, Quantitative, Mac, Data Mining, Computer Science, Analytics, Data, Science, Data Sets, R",12,"Mobile, Advanced SQL, Physics, Creative,  concepts, Languages, Mathematics, Innovation, Research, Math, Web, Scripting Languages",80,"Python, Statistical Learning, Leadership, Code, Tools, Toad, Computer, ETL, MapReduce, Machine Learning Algorithms, Decision making, Processing, sci-kit learn, Analysis, Data Science, Tableau, Quantitative, SAP HANA, CNN, Tensorflow, HANA, Quantitative Analysis, Decision Making, Design, Jupyter Notebooks, C++, Hadoop Streaming, NLTK, Oracle, image classification problem, C, Windows, Spyder, Predictive Quantitative Analysis, Technology, Excel, Big Data, MS Excel, Programming, Operations, Keras, Exploratory Data Analysis, Convolutional Neural Network, Data Analysis, Mac, Computer Science, Translation, Flume, Data, Science, Matplotlib, Multivariate Analysis, Hadoop, Statistical Analysis, Coding, Management, Algorithms, Pig, Seaborn, Statistics, Optimization, Statistical Modelling, Business Objects, Linux, Data Mining, Developer, R-Studio, Java, Data Warehousing, OLAP, Data Sets, SAP Business Objects, Microsoft Azure, SAS, Certifications, Spark, Numpy, sklearn, Enterprise Miner, Big Data Analytics, Development, Pandas, Text Analytics, Reporting, Data Analytics, Decision Analytics, Oracle SQL Developer, SQL, PLSQL, Information Technology, Reports, Image Processing, Hive, Technical, MS Visual Studio, Analytics, Hadoop ecosystem, Forecasting, Data Visualization, Sqoop, image classification, Networks, Lumira, SAP NetWeaver, BEX Query Designer and Analyzer, R, SAP Design Studio, C#",108
 Data Analytics Research Intern, Lockheed Martin," Arlington, VA 22203"," Full-time, Internship",7,Y,68.75,https://www.indeed.com/rc/clk?jk=0500c8a8e0fdd2d9&fccid=aeb15e43a6800b9d&vjs=3,32,"SAS, Mathematics, Tools, C, Computer, Development, Technology, Big Data, Programming, Operations, Data Analytics, Security, Decision making, Engineering, Data Science, Technical, Mac, Computer Science, Analytics, Decision Making, Architecture, Design, Support, Java, Data, Innovation, Science, Math, Software, R, Research, Researching",22,"SAS, Tools, C, Computer, Development, Technology, Big Data, Programming, Operations, Data Analytics, Decision making, Data Science, Technical, Mac, Computer Science, Analytics, Decision Making, Design, Java, Data, Science, R",10,"Architecture, Support, Mathematics, Innovation, Security, Math, Engineering, Software, Research, Researching",86,"Python, Statistical Learning, Leadership, Code, Tools, Toad, Computer, ETL, MapReduce, Machine Learning Algorithms, Decision making, Processing, sci-kit learn, Analysis, Data Science, Tableau, Quantitative, SAP HANA, CNN, Tensorflow, HANA, Quantitative Analysis, Decision Making, Design, Jupyter Notebooks, C++, Hadoop Streaming, NLTK, Oracle, image classification problem, C, Windows, Spyder, Predictive Quantitative Analysis, Technology, Excel, Big Data, MS Excel, Programming, Operations, Keras, Exploratory Data Analysis, Convolutional Neural Network, Data Analysis, Mac, Computer Science, Translation, Flume, Data, Science, Matplotlib, Multivariate Analysis, Hadoop, Statistical Analysis, Coding, Management, Algorithms, Pig, Seaborn, Statistics, Optimization, Statistical Modelling, Business Objects, Linux, Data Mining, Developer, R-Studio, Java, Data Warehousing, OLAP, Data Sets, SAP Business Objects, Microsoft Azure, SAS, Certifications, Spark, Numpy, sklearn, Enterprise Miner, Big Data Analytics, Development, Pandas, Text Analytics, Reporting, Data Analytics, Decision Analytics, Oracle SQL Developer, SQL, PLSQL, Information Technology, Reports, Image Processing, Hive, Technical, MS Visual Studio, Analytics, Hadoop ecosystem, Forecasting, Data Visualization, Sqoop, image classification, Networks, Lumira, SAP NetWeaver, BEX Query Designer and Analyzer, R, SAP Design Studio, C#",108
 Data Science Graduation Program and Internships, ZyLAB," McLean, VA",,1,,66.67,https://www.indeed.com/rc/clk?jk=65a49c7e068f8a10&fccid=cef8d5469db38990&vjs=3,21,"Visio, C, Computer, Development, Vision, Technology, Excel, Applications, Programming, C#, Presentation, Data Science, Mac, Data Mining, Computer Science, Organization, Data, Science, Software, R, Research",14,"Data Science, Mac, Data Mining, Programming, Computer Science, Data, C, Science, C#, Computer, Development, R, Technology, Excel",7,"Presentation, Applications, Visio, Organization, Software, Vision, Research",94,"Python, Statistical Learning, Leadership, Code, Tools, Toad, Computer, ETL, MapReduce, Machine Learning Algorithms, Decision making, Processing, sci-kit learn, Analysis, Data Science, Tableau, Quantitative, SAP HANA, CNN, Tensorflow, HANA, Quantitative Analysis, Decision Making, Design, Jupyter Notebooks, C++, Hadoop Streaming, NLTK, Oracle, image classification problem, C, Windows, Spyder, Predictive Quantitative Analysis, Technology, Excel, Big Data, MS Excel, Programming, Operations, Keras, Exploratory Data Analysis, Convolutional Neural Network, Data Analysis, Mac, Computer Science, Translation, Flume, Data, Science, Matplotlib, Multivariate Analysis, Hadoop, Statistical Analysis, Coding, Management, Algorithms, Pig, Seaborn, Statistics, Optimization, Statistical Modelling, Business Objects, Linux, Data Mining, Developer, R-Studio, Java, Data Warehousing, OLAP, Data Sets, SAP Business Objects, Microsoft Azure, SAS, Certifications, Spark, Numpy, sklearn, Enterprise Miner, Big Data Analytics, Development, Pandas, Text Analytics, Reporting, Data Analytics, Decision Analytics, Oracle SQL Developer, SQL, PLSQL, Information Technology, Reports, Image Processing, Hive, Technical, MS Visual Studio, Analytics, Hadoop ecosystem, Forecasting, Data Visualization, Sqoop, image classification, Networks, Lumira, SAP NetWeaver, BEX Query Designer and Analyzer, R, SAP Design Studio, C#",108
 Data Analyst Intern, setld," Pearland, TX", Internship,3,,66.67,https://www.indeed.com/company/setld/jobs/Data-Analyst-Intern-e6e5967394bc67cc?fccid=ff640c312a024204&vjs=3,12,"Analysis, Presentation, Data Science, Financial, Data, Business Intelligence, C, Science, Presentations, ETL, R, Data Analysis",8,"Analysis, Data Science, Data, C, Science, ETL, R, Data Analysis",4,"Business Intelligence, Presentation, Presentations, Financial",100,"Python, Statistical Learning, Leadership, Code, Tools, Toad, Computer, ETL, MapReduce, Machine Learning Algorithms, Decision making, Processing, sci-kit learn, Analysis, Data Science, Tableau, Quantitative, SAP HANA, CNN, Tensorflow, HANA, Quantitative Analysis, Decision Making, Design, Jupyter Notebooks, C++, Hadoop Streaming, NLTK, Oracle, image classification problem, C, Windows, Spyder, Predictive Quantitative Analysis, Technology, Excel, Big Data, MS Excel, Programming, Operations, Keras, Exploratory Data Analysis, Convolutional Neural Network, Data Analysis, Mac, Computer Science, Translation, Flume, Data, Science, Matplotlib, Multivariate Analysis, Hadoop, Statistical Analysis, Coding, Management, Algorithms, Pig, Seaborn, Statistics, Optimization, Statistical Modelling, Business Objects, Linux, Data Mining, Developer, R-Studio, Java, Data Warehousing, OLAP, Data Sets, SAP Business Objects, Microsoft Azure, SAS, Certifications, Spark, Numpy, sklearn, Enterprise Miner, Big Data Analytics, Development, Pandas, Text Analytics, Reporting, Data Analytics, Decision Analytics, Oracle SQL Developer, SQL, PLSQL, Information Technology, Reports, Image Processing, Hive, Technical, MS Visual Studio, Analytics, Hadoop ecosystem, Forecasting, Data Visualization, Sqoop, image classification, Networks, Lumira, SAP NetWeaver, BEX Query Designer and Analyzer, R, SAP Design Studio, C#",108
 Internship - Analytics," Lowes Foods, LLC"," Winston-Salem, NC", Internship,5,,66.67,https://www.indeed.com/rc/clk?jk=c8f8445553583874&fccid=837977517d6d7db4&vjs=3,15,"Analytical , Data Science, Reporting, Analytical, Data, Analytics, C, Science, Business Analytics, Review, Large Data Sets, Data Sets, R, Excel, Reports",10,"Data Science, Reporting, Data, Analytics, C, Science, Data Sets, R, Excel, Reports",5,"Analytical , Business Analytics, Review, Large Data Sets, Analytical",98,"Python, Statistical Learning, Leadership, Code, Tools, Toad, Computer, ETL, MapReduce, Machine Learning Algorithms, Decision making, Processing, sci-kit learn, Analysis, Data Science, Tableau, Quantitative, SAP HANA, CNN, Tensorflow, HANA, Quantitative Analysis, Decision Making, Design, Jupyter Notebooks, C++, Hadoop Streaming, NLTK, Oracle, image classification problem, C, Windows, Spyder, Predictive Quantitative Analysis, Technology, Excel, Big Data, MS Excel, Programming, Operations, Keras, Exploratory Data Analysis, Convolutional Neural Network, Data Analysis, Mac, Computer Science, Translation, Flume, Data, Science, Matplotlib, Multivariate Analysis, Hadoop, Statistical Analysis, Coding, Management, Algorithms, Pig, Seaborn, Statistics, Optimization, Statistical Modelling, Business Objects, Linux, Data Mining, Developer, R-Studio, Java, Data Warehousing, OLAP, Data Sets, SAP Business Objects, Microsoft Azure, SAS, Certifications, Spark, Numpy, sklearn, Enterprise Miner, Big Data Analytics, Development, Pandas, Text Analytics, Reporting, Data Analytics, Decision Analytics, Oracle SQL Developer, SQL, PLSQL, Information Technology, Reports, Image Processing, Hive, Technical, MS Visual Studio, Analytics, Hadoop ecosystem, Forecasting, Data Visualization, Sqoop, image classification, Networks, Lumira, SAP NetWeaver, BEX Query Designer and Analyzer, R, SAP Design Studio, C#",108
 Data Science Marketing Intern, KAYAK," Cambridge, MA", Internship,7,Y,66.67,https://www.indeed.com/rc/clk?jk=56e85147bb688f72&fccid=3fc1e7f5af93d293&vjs=3,21,"Python, Code, Tools, C, Management, Training, Reporting, Programming, SQL, Engineering, Data Science, Financial, Quantitative, Mac, Web, Database, Data, Languages, Science, Databases, R",14,"Python, Data Science, Reporting, Quantitative, Mac, Programming, Data, Code, Tools, C, Science, SQL, R, Management",7,"Training, Financial, Languages, Databases, Web, Engineering, Database",94,"Python, Statistical Learning, Leadership, Code, Tools, Toad, Computer, ETL, MapReduce, Machine Learning Algorithms, Decision making, Processing, sci-kit learn, Analysis, Data Science, Tableau, Quantitative, SAP HANA, CNN, Tensorflow, HANA, Quantitative Analysis, Decision Making, Design, Jupyter Notebooks, C++, Hadoop Streaming, NLTK, Oracle, image classification problem, C, Windows, Spyder, Predictive Quantitative Analysis, Technology, Excel, Big Data, MS Excel, Programming, Operations, Keras, Exploratory Data Analysis, Convolutional Neural Network, Data Analysis, Mac, Computer Science, Translation, Flume, Data, Science, Matplotlib, Multivariate Analysis, Hadoop, Statistical Analysis, Coding, Management, Algorithms, Pig, Seaborn, Statistics, Optimization, Statistical Modelling, Business Objects, Linux, Data Mining, Developer, R-Studio, Java, Data Warehousing, OLAP, Data Sets, SAP Business Objects, Microsoft Azure, SAS, Certifications, Spark, Numpy, sklearn, Enterprise Miner, Big Data Analytics, Development, Pandas, Text Analytics, Reporting, Data Analytics, Decision Analytics, Oracle SQL Developer, SQL, PLSQL, Information Technology, Reports, Image Processing, Hive, Technical, MS Visual Studio, Analytics, Hadoop ecosystem, Forecasting, Data Visualization, Sqoop, image classification, Networks, Lumira, SAP NetWeaver, BEX Query Designer and Analyzer, R, SAP Design Studio, C#",108
 Business Intelligence Summer Intern, Credit Karma," San Francisco, CA"," Temporary, Internship",9,,66.67,https://www.indeed.com/rc/clk?jk=9e15d77abfd9e4b2&fccid=18a0fc6503dc7b4e&vjs=3,21,"Communication, C, Computer, Development, ETL, Big Data, Reporting, Statistics, Operations, Productivity, SQL, Engineering, Computer Science, Analytics, Data Modeling, Support, Data, Science, Math, Best Practices, R",14,"Big Data, Reporting, Statistics, Computer Science, Data, Operations, Analytics, C, Development, SQL, Science, Computer, ETL, R",7,"Communication, Data Modeling, Support, Productivity, Math, Engineering, Best Practices",94,"Python, Statistical Learning, Leadership, Code, Tools, Toad, Computer, ETL, MapReduce, Machine Learning Algorithms, Decision making, Processing, sci-kit learn, Analysis, Data Science, Tableau, Quantitative, SAP HANA, CNN, Tensorflow, HANA, Quantitative Analysis, Decision Making, Design, Jupyter Notebooks, C++, Hadoop Streaming, NLTK, Oracle, image classification problem, C, Windows, Spyder, Predictive Quantitative Analysis, Technology, Excel, Big Data, MS Excel, Programming, Operations, Keras, Exploratory Data Analysis, Convolutional Neural Network, Data Analysis, Mac, Computer Science, Translation, Flume, Data, Science, Matplotlib, Multivariate Analysis, Hadoop, Statistical Analysis, Coding, Management, Algorithms, Pig, Seaborn, Statistics, Optimization, Statistical Modelling, Business Objects, Linux, Data Mining, Developer, R-Studio, Java, Data Warehousing, OLAP, Data Sets, SAP Business Objects, Microsoft Azure, SAS, Certifications, Spark, Numpy, sklearn, Enterprise Miner, Big Data Analytics, Development, Pandas, Text Analytics, Reporting, Data Analytics, Decision Analytics, Oracle SQL Developer, SQL, PLSQL, Information Technology, Reports, Image Processing, Hive, Technical, MS Visual Studio, Analytics, Hadoop ecosystem, Forecasting, Data Visualization, Sqoop, image classification, Networks, Lumira, SAP NetWeaver, BEX Query Designer and Analyzer, R, SAP Design Studio, C#",108
 Data Analyst Intern, Motivate International Inc.," Brooklyn, NY"," Temporary, Internship",7,Y,64,https://www.indeed.com/rc/clk?jk=da0b29d8f2d5b53b&fccid=a5a3c0088f84d981&vjs=3,25,"Python, Mathematics, Tools, C, Computer, Excel, Management, Statistics, Operations, SQL, Technical, D3.js, Creative, Computer Science, Javascript, Metrics, Design, Java, Organization, Data, Time Management, Science, Math, Work Independently, R",16,"Python, Technical, Design, Java, Statistics, Computer Science, Data, Operations, Tools, C, Science, SQL, Computer, R, Excel, Management",9,"D3.js, Creative, Organization, Mathematics, Time Management, Math, Work Independently, Javascript, Metrics",92,"Python, Statistical Learning, Leadership, Code, Tools, Toad, Computer, ETL, MapReduce, Machine Learning Algorithms, Decision making, Processing, sci-kit learn, Analysis, Data Science, Tableau, Quantitative, SAP HANA, CNN, Tensorflow, HANA, Quantitative Analysis, Decision Making, Design, Jupyter Notebooks, C++, Hadoop Streaming, NLTK, Oracle, image classification problem, C, Windows, Spyder, Predictive Quantitative Analysis, Technology, Excel, Big Data, MS Excel, Programming, Operations, Keras, Exploratory Data Analysis, Convolutional Neural Network, Data Analysis, Mac, Computer Science, Translation, Flume, Data, Science, Matplotlib, Multivariate Analysis, Hadoop, Statistical Analysis, Coding, Management, Algorithms, Pig, Seaborn, Statistics, Optimization, Statistical Modelling, Business Objects, Linux, Data Mining, Developer, R-Studio, Java, Data Warehousing, OLAP, Data Sets, SAP Business Objects, Microsoft Azure, SAS, Certifications, Spark, Numpy, sklearn, Enterprise Miner, Big Data Analytics, Development, Pandas, Text Analytics, Reporting, Data Analytics, Decision Analytics, Oracle SQL Developer, SQL, PLSQL, Information Technology, Reports, Image Processing, Hive, Technical, MS Visual Studio, Analytics, Hadoop ecosystem, Forecasting, Data Visualization, Sqoop, image classification, Networks, Lumira, SAP NetWeaver, BEX Query Designer and Analyzer, R, SAP Design Studio, C#",108
" Quantitative Researcher, Growth - Intern 2018", Facebook," Menlo Park, CA", Internship,2,,63.64,https://www.indeed.com/rc/clk?jk=9a91cba2a703f8e3&fccid=1639254ea84748b5&vjs=3,22,"Communication, SAS, Testing, Python, Unix, C, Technology, Statistics, SQL, Data Analysis, Analysis, Hive, Data Manipulation, Quantitative, UNIX, Metrics, Design, Organization, Data, Science, R, Research",14,"Analysis, SAS, Python, Hive, Design, Quantitative, Statistics, Data, C, Science, SQL, Data Analysis, R, Technology",8,"Communication, Testing, Data Manipulation, Unix, Organization, UNIX, Metrics, Research",94,"Python, Statistical Learning, Leadership, Code, Tools, Toad, Computer, ETL, MapReduce, Machine Learning Algorithms, Decision making, Processing, sci-kit learn, Analysis, Data Science, Tableau, Quantitative, SAP HANA, CNN, Tensorflow, HANA, Quantitative Analysis, Decision Making, Design, Jupyter Notebooks, C++, Hadoop Streaming, NLTK, Oracle, image classification problem, C, Windows, Spyder, Predictive Quantitative Analysis, Technology, Excel, Big Data, MS Excel, Programming, Operations, Keras, Exploratory Data Analysis, Convolutional Neural Network, Data Analysis, Mac, Computer Science, Translation, Flume, Data, Science, Matplotlib, Multivariate Analysis, Hadoop, Statistical Analysis, Coding, Management, Algorithms, Pig, Seaborn, Statistics, Optimization, Statistical Modelling, Business Objects, Linux, Data Mining, Developer, R-Studio, Java, Data Warehousing, OLAP, Data Sets, SAP Business Objects, Microsoft Azure, SAS, Certifications, Spark, Numpy, sklearn, Enterprise Miner, Big Data Analytics, Development, Pandas, Text Analytics, Reporting, Data Analytics, Decision Analytics, Oracle SQL Developer, SQL, PLSQL, Information Technology, Reports, Image Processing, Hive, Technical, MS Visual Studio, Analytics, Hadoop ecosystem, Forecasting, Data Visualization, Sqoop, image classification, Networks, Lumira, SAP NetWeaver, BEX Query Designer and Analyzer, R, SAP Design Studio, C#",108
 Data Research and Acceleration Analyst - Part-time Internship (Fall 2018)," Two Sigma Investments, LLC."," New York, NY"," Part-time, Internship",7,,63.33,https://www.indeed.com/rc/clk?jk=03b90cc19e928519&fccid=facc18fe475dac15&vjs=3,30,"Python, Tools, C, Computer, Technology, Management, Big Data, Statistics, Applications, SQL, Data Analysis, Scripting Languages, Analysis, Data Science, Technical, Tableau, Financial, Quantitative, Creative, Computer Science, iOS, Database, Matlab, Relational Databases, Data, Languages, Science, Databases, R, Research",19,"Analysis, Python, Big Data, Data Science, Technical, Tableau, Quantitative, Statistics, Computer Science, Data, Tools, C, Science, SQL, Computer, Data Analysis, R, Technology, Management",11,"Matlab, Financial, Relational Databases, Research, Creative, Applications, Languages, Databases, iOS, Scripting Languages, Database",89,"Python, Statistical Learning, Leadership, Code, Tools, Toad, Computer, ETL, MapReduce, Machine Learning Algorithms, Decision making, Processing, sci-kit learn, Analysis, Data Science, Tableau, Quantitative, SAP HANA, CNN, Tensorflow, HANA, Quantitative Analysis, Decision Making, Design, Jupyter Notebooks, C++, Hadoop Streaming, NLTK, Oracle, image classification problem, C, Windows, Spyder, Predictive Quantitative Analysis, Technology, Excel, Big Data, MS Excel, Programming, Operations, Keras, Exploratory Data Analysis, Convolutional Neural Network, Data Analysis, Mac, Computer Science, Translation, Flume, Data, Science, Matplotlib, Multivariate Analysis, Hadoop, Statistical Analysis, Coding, Management, Algorithms, Pig, Seaborn, Statistics, Optimization, Statistical Modelling, Business Objects, Linux, Data Mining, Developer, R-Studio, Java, Data Warehousing, OLAP, Data Sets, SAP Business Objects, Microsoft Azure, SAS, Certifications, Spark, Numpy, sklearn, Enterprise Miner, Big Data Analytics, Development, Pandas, Text Analytics, Reporting, Data Analytics, Decision Analytics, Oracle SQL Developer, SQL, PLSQL, Information Technology, Reports, Image Processing, Hive, Technical, MS Visual Studio, Analytics, Hadoop ecosystem, Forecasting, Data Visualization, Sqoop, image classification, Networks, Lumira, SAP NetWeaver, BEX Query Designer and Analyzer, R, SAP Design Studio, C#",108
 Machine & Deep Learning Data Scientist Internship, Crushh," New York, NY", $12 an hour - Internship,8,,63.33,https://www.indeed.com/company/Crushh/jobs/Machine-Deep-Learning-Data-Scientist-Internship-6d58990dbb0a8cbe?fccid=e669b2a98ea7cb04&vjs=3,30,"Communication, Python, Email, Tools, C, Computer, Algorithms, Mobile, Statistics, Applications, Programming, SQL, Engineering, Processing, Data Analysis, Analysis, Data Science, Mac, Computer Science, Tensorflow, Matlab, Networks, Writing, Data, Science, Math, Software, R, Optimizing, Research",19,"Analysis, Algorithms, Python, Data Science, Mac, Networks, Statistics, Programming, Computer Science, Data, Tensorflow, Tools, C, Science, SQL, Processing, Computer, Data Analysis, R",11,"Communication, Matlab, Mobile, Email, Writing, Applications, Math, Engineering, Software, Optimizing, Research",89,"Python, Statistical Learning, Leadership, Code, Tools, Toad, Computer, ETL, MapReduce, Machine Learning Algorithms, Decision making, Processing, sci-kit learn, Analysis, Data Science, Tableau, Quantitative, SAP HANA, CNN, Tensorflow, HANA, Quantitative Analysis, Decision Making, Design, Jupyter Notebooks, C++, Hadoop Streaming, NLTK, Oracle, image classification problem, C, Windows, Spyder, Predictive Quantitative Analysis, Technology, Excel, Big Data, MS Excel, Programming, Operations, Keras, Exploratory Data Analysis, Convolutional Neural Network, Data Analysis, Mac, Computer Science, Translation, Flume, Data, Science, Matplotlib, Multivariate Analysis, Hadoop, Statistical Analysis, Coding, Management, Algorithms, Pig, Seaborn, Statistics, Optimization, Statistical Modelling, Business Objects, Linux, Data Mining, Developer, R-Studio, Java, Data Warehousing, OLAP, Data Sets, SAP Business Objects, Microsoft Azure, SAS, Certifications, Spark, Numpy, sklearn, Enterprise Miner, Big Data Analytics, Development, Pandas, Text Analytics, Reporting, Data Analytics, Decision Analytics, Oracle SQL Developer, SQL, PLSQL, Information Technology, Reports, Image Processing, Hive, Technical, MS Visual Studio, Analytics, Hadoop ecosystem, Forecasting, Data Visualization, Sqoop, image classification, Networks, Lumira, SAP NetWeaver, BEX Query Designer and Analyzer, R, SAP Design Studio, C#",108
 Data Analyst Intern, Brandify," Anaheim, CA 92805", Internship,6,,61.54,https://www.indeed.com/rc/clk?jk=b87e05e278d4eb01&fccid=e6f78b2262762844&vjs=3,26,"Communication,  Maintain, Data Management, Tools, C, Google Analytics, Technology, Excel, Management, Reporting, Verbal, SQL, Personal, Information Technology, Analysis, Data Science, Tableau, Trends, Analytics, Goals, Metrics, Design, Support, Data, Science, R",16,"Analysis, Data Science, Reporting, Tableau, Design, Data, Information Technology, Tools, Analytics, C, Science, SQL, R, Technology, Excel, Management",10,"Communication,  Maintain, Trends, Metrics, Support, Verbal, Data Management, Google Analytics, Goals, Personal",92,"Python, Statistical Learning, Leadership, Code, Tools, Toad, Computer, ETL, MapReduce, Machine Learning Algorithms, Decision making, Processing, sci-kit learn, Analysis, Data Science, Tableau, Quantitative, SAP HANA, CNN, Tensorflow, HANA, Quantitative Analysis, Decision Making, Design, Jupyter Notebooks, C++, Hadoop Streaming, NLTK, Oracle, image classification problem, C, Windows, Spyder, Predictive Quantitative Analysis, Technology, Excel, Big Data, MS Excel, Programming, Operations, Keras, Exploratory Data Analysis, Convolutional Neural Network, Data Analysis, Mac, Computer Science, Translation, Flume, Data, Science, Matplotlib, Multivariate Analysis, Hadoop, Statistical Analysis, Coding, Management, Algorithms, Pig, Seaborn, Statistics, Optimization, Statistical Modelling, Business Objects, Linux, Data Mining, Developer, R-Studio, Java, Data Warehousing, OLAP, Data Sets, SAP Business Objects, Microsoft Azure, SAS, Certifications, Spark, Numpy, sklearn, Enterprise Miner, Big Data Analytics, Development, Pandas, Text Analytics, Reporting, Data Analytics, Decision Analytics, Oracle SQL Developer, SQL, PLSQL, Information Technology, Reports, Image Processing, Hive, Technical, MS Visual Studio, Analytics, Hadoop ecosystem, Forecasting, Data Visualization, Sqoop, image classification, Networks, Lumira, SAP NetWeaver, BEX Query Designer and Analyzer, R, SAP Design Studio, C#",108
 Data Science Intern, OSRAM SYLVANIA," Beverly, MA"," Full-time, Internship",7,,60.53,https://www.indeed.com/rc/clk?jk=c935a8dccbc2a0de&fccid=0f464044262b5adf&vjs=3,38,"Testing, Python, Tools, C, Computer, Development, Technology, Management, Software Development, Mobile, Statistics, Applications,  concepts, Programming, Optimization, Data Analytics, Security, Components, Manufacturing, Analysis, Data Science, Technical, Mac, Creative, Computer Science, Developer, Analytics, Database, Data Visualization, Networks, Data, Languages, Innovation, Science, Math, Software, R, Research",23,"Python, Tools, C, Computer, Development, Technology, Management, Statistics, Programming, Optimization, Data Analytics, Analysis, Data Science, Technical, Mac, Computer Science, Developer, Analytics, Data Visualization, Networks, Data, Science, R",15,"Testing, Software Development, Mobile, Applications,  concepts, Creative, Languages, Innovation, Security, Math, Software, Components, Manufacturing, Research, Database",85,"Python, Statistical Learning, Leadership, Code, Tools, Toad, Computer, ETL, MapReduce, Machine Learning Algorithms, Decision making, Processing, sci-kit learn, Analysis, Data Science, Tableau, Quantitative, SAP HANA, CNN, Tensorflow, HANA, Quantitative Analysis, Decision Making, Design, Jupyter Notebooks, C++, Hadoop Streaming, NLTK, Oracle, image classification problem, C, Windows, Spyder, Predictive Quantitative Analysis, Technology, Excel, Big Data, MS Excel, Programming, Operations, Keras, Exploratory Data Analysis, Convolutional Neural Network, Data Analysis, Mac, Computer Science, Translation, Flume, Data, Science, Matplotlib, Multivariate Analysis, Hadoop, Statistical Analysis, Coding, Management, Algorithms, Pig, Seaborn, Statistics, Optimization, Statistical Modelling, Business Objects, Linux, Data Mining, Developer, R-Studio, Java, Data Warehousing, OLAP, Data Sets, SAP Business Objects, Microsoft Azure, SAS, Certifications, Spark, Numpy, sklearn, Enterprise Miner, Big Data Analytics, Development, Pandas, Text Analytics, Reporting, Data Analytics, Decision Analytics, Oracle SQL Developer, SQL, PLSQL, Information Technology, Reports, Image Processing, Hive, Technical, MS Visual Studio, Analytics, Hadoop ecosystem, Forecasting, Data Visualization, Sqoop, image classification, Networks, Lumira, SAP NetWeaver, BEX Query Designer and Analyzer, R, SAP Design Studio, C#",108
" Big Data Engineering Research Graduate Intern - Shelton,CT", Pitney Bowes," Shelton, CT 06484", Internship,7,,60.53,https://www.indeed.com/rc/clk?jk=cc64df279d96e8ec&fccid=9ef8c0dc355e8022&vjs=3,38,"Python, Hadoop, Leadership, Spark, Data Management, C, Computer, Technology, Management, Big Data, Big Data Technologies, Programming, Creativity, NoSQL, SQL, Decision making, Processing, Engineering, Components, Hive, Programming Languages, Computer Science, Messaging, Analytics, iOS, Decision Making, Database, Data Visualization, Design, Java, Organization, Data, Languages, Innovation, Science, Databases, Software, R",23,"Python, Hadoop, Leadership, Spark, C, Computer, Technology, Management, Big Data, Programming, SQL, Decision making, Processing, Hive, Computer Science, Analytics, Decision Making, Data Visualization, Design, Java, Data, Science, R",15,"Big Data Technologies, Programming Languages, Software, Organization, Creativity, Languages, NoSQL, Innovation, Data Management, Messaging, Databases, Engineering, iOS, Components, Database",85,"Python, Statistical Learning, Leadership, Code, Tools, Toad, Computer, ETL, MapReduce, Machine Learning Algorithms, Decision making, Processing, sci-kit learn, Analysis, Data Science, Tableau, Quantitative, SAP HANA, CNN, Tensorflow, HANA, Quantitative Analysis, Decision Making, Design, Jupyter Notebooks, C++, Hadoop Streaming, NLTK, Oracle, image classification problem, C, Windows, Spyder, Predictive Quantitative Analysis, Technology, Excel, Big Data, MS Excel, Programming, Operations, Keras, Exploratory Data Analysis, Convolutional Neural Network, Data Analysis, Mac, Computer Science, Translation, Flume, Data, Science, Matplotlib, Multivariate Analysis, Hadoop, Statistical Analysis, Coding, Management, Algorithms, Pig, Seaborn, Statistics, Optimization, Statistical Modelling, Business Objects, Linux, Data Mining, Developer, R-Studio, Java, Data Warehousing, OLAP, Data Sets, SAP Business Objects, Microsoft Azure, SAS, Certifications, Spark, Numpy, sklearn, Enterprise Miner, Big Data Analytics, Development, Pandas, Text Analytics, Reporting, Data Analytics, Decision Analytics, Oracle SQL Developer, SQL, PLSQL, Information Technology, Reports, Image Processing, Hive, Technical, MS Visual Studio, Analytics, Hadoop ecosystem, Forecasting, Data Visualization, Sqoop, image classification, Networks, Lumira, SAP NetWeaver, BEX Query Designer and Analyzer, R, SAP Design Studio, C#",108
 Machine Learning Internship, SAS Institute," Cary, NC", Internship,7,,60,https://www.indeed.com/rc/clk?jk=f0fc86ecd97d7ca7&fccid=068cc3667458485a&vjs=3,35,"SAS, Python, Machine Learning Models, Leadership, Mathematics, C, Construction, Review, Electrical, Computer, Development, Technology, Statistics, Applications, Programming, Operations, Engineering, Data Science, Technical, Financial, Mac, Data Mining, Computer Science, Developer, Analytics, Forecasting, Legal, Support, Data, Science, Math, Software, R, Research, Researching",21,"SAS, Python, Leadership, C, Computer, Development, Technology, Statistics, Programming, Operations, Data Science, Technical, Mac, Data Mining, Computer Science, Developer, Analytics, Forecasting, Data, Science, R",14,"Machine Learning Models, Financial, Support, Software, Applications, Mathematics, Construction, Legal, Math, Review, Engineering, Electrical, Research, Researching",87,"Python, Statistical Learning, Leadership, Code, Tools, Toad, Computer, ETL, MapReduce, Machine Learning Algorithms, Decision making, Processing, sci-kit learn, Analysis, Data Science, Tableau, Quantitative, SAP HANA, CNN, Tensorflow, HANA, Quantitative Analysis, Decision Making, Design, Jupyter Notebooks, C++, Hadoop Streaming, NLTK, Oracle, image classification problem, C, Windows, Spyder, Predictive Quantitative Analysis, Technology, Excel, Big Data, MS Excel, Programming, Operations, Keras, Exploratory Data Analysis, Convolutional Neural Network, Data Analysis, Mac, Computer Science, Translation, Flume, Data, Science, Matplotlib, Multivariate Analysis, Hadoop, Statistical Analysis, Coding, Management, Algorithms, Pig, Seaborn, Statistics, Optimization, Statistical Modelling, Business Objects, Linux, Data Mining, Developer, R-Studio, Java, Data Warehousing, OLAP, Data Sets, SAP Business Objects, Microsoft Azure, SAS, Certifications, Spark, Numpy, sklearn, Enterprise Miner, Big Data Analytics, Development, Pandas, Text Analytics, Reporting, Data Analytics, Decision Analytics, Oracle SQL Developer, SQL, PLSQL, Information Technology, Reports, Image Processing, Hive, Technical, MS Visual Studio, Analytics, Hadoop ecosystem, Forecasting, Data Visualization, Sqoop, image classification, Networks, Lumira, SAP NetWeaver, BEX Query Designer and Analyzer, R, SAP Design Studio, C#",108
 Data Sciences Intern, Kantar Health," St. Louis, MO", Internship,2,,58.82,https://www.indeed.com/rc/clk?jk=3d784aa3fbbed1ad&fccid=4cacd5bfd5888ca2&vjs=3,34,"SQL Queries, SAS, Python, Microsoft Excel, Healthcare, Statistical Analysis, Tools, C, Review, Computer, Development, Technology, Excel, Management, Big Data, Optimization, PowerPoint, SQL, Scripting Languages, Analysis, MySQL, Analyze Data, Tableau, Computer Science, Database, Design, Data, Languages, SPSS, Science, Databases, Software, R, Research",20,"Analysis, SAS, Python, Big Data, Design, Tableau, Statistical Analysis, Computer Science, Data, Optimization, Tools, C, Science, SQL, Computer, Development, R, Technology, Excel, Management",14,"SQL Queries, MySQL, Analyze Data, Microsoft Excel, Healthcare, Research, Languages, SPSS, PowerPoint, Databases, Review, Software, Scripting Languages, Database",88,"Python, Statistical Learning, Leadership, Code, Tools, Toad, Computer, ETL, MapReduce, Machine Learning Algorithms, Decision making, Processing, sci-kit learn, Analysis, Data Science, Tableau, Quantitative, SAP HANA, CNN, Tensorflow, HANA, Quantitative Analysis, Decision Making, Design, Jupyter Notebooks, C++, Hadoop Streaming, NLTK, Oracle, image classification problem, C, Windows, Spyder, Predictive Quantitative Analysis, Technology, Excel, Big Data, MS Excel, Programming, Operations, Keras, Exploratory Data Analysis, Convolutional Neural Network, Data Analysis, Mac, Computer Science, Translation, Flume, Data, Science, Matplotlib, Multivariate Analysis, Hadoop, Statistical Analysis, Coding, Management, Algorithms, Pig, Seaborn, Statistics, Optimization, Statistical Modelling, Business Objects, Linux, Data Mining, Developer, R-Studio, Java, Data Warehousing, OLAP, Data Sets, SAP Business Objects, Microsoft Azure, SAS, Certifications, Spark, Numpy, sklearn, Enterprise Miner, Big Data Analytics, Development, Pandas, Text Analytics, Reporting, Data Analytics, Decision Analytics, Oracle SQL Developer, SQL, PLSQL, Information Technology, Reports, Image Processing, Hive, Technical, MS Visual Studio, Analytics, Hadoop ecosystem, Forecasting, Data Visualization, Sqoop, image classification, Networks, Lumira, SAP NetWeaver, BEX Query Designer and Analyzer, R, SAP Design Studio, C#",108
 Data Engineering Intern, KAYAK," Concord, MA", Internship,0.88,,58.33,https://www.indeed.com/rc/clk?jk=fd3b6e0b2e4f53cb&fccid=3fc1e7f5af93d293&vjs=3,24,"Testing, Planning, Unix, Code, Tools, C, Computer, Ruby, Management, Programming, SQL, Processing, High Energy, Technical, Computer Science, Shell Scripting, Web, Web Services, UNIX, Java, Data, Innovation, Science, R",14,"Technical, Java, Programming, Computer Science, Data, Code, Tools, C, Science, SQL, Processing, Computer, R, Management",10,"Testing, Planning, Unix, UNIX, Innovation, Shell Scripting, Web, Web Services, Ruby, High Energy",94,"Python, Statistical Learning, Leadership, Code, Tools, Toad, Computer, ETL, MapReduce, Machine Learning Algorithms, Decision making, Processing, sci-kit learn, Analysis, Data Science, Tableau, Quantitative, SAP HANA, CNN, Tensorflow, HANA, Quantitative Analysis, Decision Making, Design, Jupyter Notebooks, C++, Hadoop Streaming, NLTK, Oracle, image classification problem, C, Windows, Spyder, Predictive Quantitative Analysis, Technology, Excel, Big Data, MS Excel, Programming, Operations, Keras, Exploratory Data Analysis, Convolutional Neural Network, Data Analysis, Mac, Computer Science, Translation, Flume, Data, Science, Matplotlib, Multivariate Analysis, Hadoop, Statistical Analysis, Coding, Management, Algorithms, Pig, Seaborn, Statistics, Optimization, Statistical Modelling, Business Objects, Linux, Data Mining, Developer, R-Studio, Java, Data Warehousing, OLAP, Data Sets, SAP Business Objects, Microsoft Azure, SAS, Certifications, Spark, Numpy, sklearn, Enterprise Miner, Big Data Analytics, Development, Pandas, Text Analytics, Reporting, Data Analytics, Decision Analytics, Oracle SQL Developer, SQL, PLSQL, Information Technology, Reports, Image Processing, Hive, Technical, MS Visual Studio, Analytics, Hadoop ecosystem, Forecasting, Data Visualization, Sqoop, image classification, Networks, Lumira, SAP NetWeaver, BEX Query Designer and Analyzer, R, SAP Design Studio, C#",108
" Data Science Intern, Summer 2018", Cardlytics," Atlanta, GA"," Temporary, Internship",2,Y,58.33,https://www.indeed.com/rc/clk?jk=b8f78cd2483b6de7&fccid=0f9a998538573203&vjs=3,36,"Communication, Testing, Python, Statistical Analysis, Code, C, Computer, Development, Technology, Excel, Predicting, Analytical , Reporting, Statistics, Programming, Engineering, Analysis, Data Science, Problem-solving, Technical, Mac, Creative, Computer Science, Forecasting, iOS, Analytical, Logic, Support, Java, Data, Science, Math, Electrical, R, Research, Researching",21,"Python, Statistical Analysis, Code, C, Computer, Development, Technology, Excel, Reporting, Statistics, Programming, Analysis, Data Science, Technical, Mac, Computer Science, Forecasting, Java, Data, Science, R",15,"Communication, Testing, Electrical, Analytical , Problem-solving, Analytical, Logic, Support, Research, Creative, Math, Engineering, iOS, Predicting, Researching",87,"Python, Statistical Learning, Leadership, Code, Tools, Toad, Computer, ETL, MapReduce, Machine Learning Algorithms, Decision making, Processing, sci-kit learn, Analysis, Data Science, Tableau, Quantitative, SAP HANA, CNN, Tensorflow, HANA, Quantitative Analysis, Decision Making, Design, Jupyter Notebooks, C++, Hadoop Streaming, NLTK, Oracle, image classification problem, C, Windows, Spyder, Predictive Quantitative Analysis, Technology, Excel, Big Data, MS Excel, Programming, Operations, Keras, Exploratory Data Analysis, Convolutional Neural Network, Data Analysis, Mac, Computer Science, Translation, Flume, Data, Science, Matplotlib, Multivariate Analysis, Hadoop, Statistical Analysis, Coding, Management, Algorithms, Pig, Seaborn, Statistics, Optimization, Statistical Modelling, Business Objects, Linux, Data Mining, Developer, R-Studio, Java, Data Warehousing, OLAP, Data Sets, SAP Business Objects, Microsoft Azure, SAS, Certifications, Spark, Numpy, sklearn, Enterprise Miner, Big Data Analytics, Development, Pandas, Text Analytics, Reporting, Data Analytics, Decision Analytics, Oracle SQL Developer, SQL, PLSQL, Information Technology, Reports, Image Processing, Hive, Technical, MS Visual Studio, Analytics, Hadoop ecosystem, Forecasting, Data Visualization, Sqoop, image classification, Networks, Lumira, SAP NetWeaver, BEX Query Designer and Analyzer, R, SAP Design Studio, C#",108
 Intern 2018 - Data Science," Pandora Media, Inc."," Oakland, CA", Internship,6,,58.33,https://www.indeed.com/rc/clk?jk=b67f028e490871e6&fccid=969588d3048aa92a&vjs=3,24,"Listening, Python, Collaboration , Email, Hadoop, Mathematics, C, Computer, SQL, ECL, Personal, Data Science, Hive, Quantitative, Mac, Computer Science, Collaboration, Design, Data, Science, Math, Work Independently, R, Research",14,"Python, Data Science, Hive, Design, Quantitative, Mac, Hadoop, Computer Science, Data, C, Science, SQL, Computer, R",10,"Listening, Collaboration , Email, Mathematics, Collaboration, Math, Work Independently, ECL, Personal, Research",94,"Python, Statistical Learning, Leadership, Code, Tools, Toad, Computer, ETL, MapReduce, Machine Learning Algorithms, Decision making, Processing, sci-kit learn, Analysis, Data Science, Tableau, Quantitative, SAP HANA, CNN, Tensorflow, HANA, Quantitative Analysis, Decision Making, Design, Jupyter Notebooks, C++, Hadoop Streaming, NLTK, Oracle, image classification problem, C, Windows, Spyder, Predictive Quantitative Analysis, Technology, Excel, Big Data, MS Excel, Programming, Operations, Keras, Exploratory Data Analysis, Convolutional Neural Network, Data Analysis, Mac, Computer Science, Translation, Flume, Data, Science, Matplotlib, Multivariate Analysis, Hadoop, Statistical Analysis, Coding, Management, Algorithms, Pig, Seaborn, Statistics, Optimization, Statistical Modelling, Business Objects, Linux, Data Mining, Developer, R-Studio, Java, Data Warehousing, OLAP, Data Sets, SAP Business Objects, Microsoft Azure, SAS, Certifications, Spark, Numpy, sklearn, Enterprise Miner, Big Data Analytics, Development, Pandas, Text Analytics, Reporting, Data Analytics, Decision Analytics, Oracle SQL Developer, SQL, PLSQL, Information Technology, Reports, Image Processing, Hive, Technical, MS Visual Studio, Analytics, Hadoop ecosystem, Forecasting, Data Visualization, Sqoop, image classification, Networks, Lumira, SAP NetWeaver, BEX Query Designer and Analyzer, R, SAP Design Studio, C#",108
 Machine Learning and Artificial Intelligence Intern, Intel," Phoenix, AZ 85018"," Temporary, Internship",7,,57.5,https://www.indeed.com/rc/clk?jk=fe039c73b9458990&fccid=f1374be6a45f4b8a&vjs=3,40,"Python, HBase, Hadoop, Mathematics, C, Computer, Development, Technology, Algorithms, Big Data, Big Data Technologies, Statistics, Applications, SQL, Data Analysis, Information Technology, Scripting Languages, Analysis, Mac, Software, Data Mining, Computer Science, Hardware, Analytics, Web, Legal, Database, Matlab, Architecture, Design, Perl, Support, Java, Data, Languages, Science, Math, C++, R, Research",23,"Python, Hadoop, C, Computer, Development, Technology, Algorithms, Big Data, Statistics, SQL, Data Analysis, Information Technology, Analysis, Mac, Data Mining, Computer Science, Analytics, Design, Java, Data, Science, C++, R",17,"Matlab, Architecture, Perl, Big Data Technologies, Support, HBase, Applications, Research, Languages, Mathematics, Hardware, Legal, Math, Web, Software, Scripting Languages, Database",85,"Python, Statistical Learning, Leadership, Code, Tools, Toad, Computer, ETL, MapReduce, Machine Learning Algorithms, Decision making, Processing, sci-kit learn, Analysis, Data Science, Tableau, Quantitative, SAP HANA, CNN, Tensorflow, HANA, Quantitative Analysis, Decision Making, Design, Jupyter Notebooks, C++, Hadoop Streaming, NLTK, Oracle, image classification problem, C, Windows, Spyder, Predictive Quantitative Analysis, Technology, Excel, Big Data, MS Excel, Programming, Operations, Keras, Exploratory Data Analysis, Convolutional Neural Network, Data Analysis, Mac, Computer Science, Translation, Flume, Data, Science, Matplotlib, Multivariate Analysis, Hadoop, Statistical Analysis, Coding, Management, Algorithms, Pig, Seaborn, Statistics, Optimization, Statistical Modelling, Business Objects, Linux, Data Mining, Developer, R-Studio, Java, Data Warehousing, OLAP, Data Sets, SAP Business Objects, Microsoft Azure, SAS, Certifications, Spark, Numpy, sklearn, Enterprise Miner, Big Data Analytics, Development, Pandas, Text Analytics, Reporting, Data Analytics, Decision Analytics, Oracle SQL Developer, SQL, PLSQL, Information Technology, Reports, Image Processing, Hive, Technical, MS Visual Studio, Analytics, Hadoop ecosystem, Forecasting, Data Visualization, Sqoop, image classification, Networks, Lumira, SAP NetWeaver, BEX Query Designer and Analyzer, R, SAP Design Studio, C#",108
 Data Science Internship, Katerra Inc," San Francisco, CA", Internship,1,,57.14,https://www.indeed.com/rc/clk?jk=ba0d5fd199545aab&fccid=e0f722216f661416&vjs=3,42,"Python, Statistical Analysis, Mathematics, Tools, C, Construction, Review, Coding, Presentations, Computer, Development, Technology, Excel, Documentation, Statistics, Programming, Engineering, Large Data Sets, Data Analysis, Manufacturing, Personal, Reports, Analysis, Presentation, Data Science, Problem-solving, Technical, Mac, Creative, Computer Science, Matlab, Design, AutoCAD, Java, Data, Innovation, Methodology, Science, Math, Software, Data Sets, R",24,"Python, Statistical Analysis, Tools, C, Coding, Computer, Development, Technology, Excel, Statistics, Programming, Data Analysis, Reports, Analysis, Data Science, Technical, Mac, Computer Science, Design, Java, Data, Science, Data Sets, R",18,"Matlab, Presentation, AutoCAD, Problem-solving, Documentation, Software, Creative, Mathematics, Innovation, Methodology, Construction, Math, Review, Presentations, Engineering, Large Data Sets, Manufacturing, Personal",84,"Python, Statistical Learning, Leadership, Code, Tools, Toad, Computer, ETL, MapReduce, Machine Learning Algorithms, Decision making, Processing, sci-kit learn, Analysis, Data Science, Tableau, Quantitative, SAP HANA, CNN, Tensorflow, HANA, Quantitative Analysis, Decision Making, Design, Jupyter Notebooks, C++, Hadoop Streaming, NLTK, Oracle, image classification problem, C, Windows, Spyder, Predictive Quantitative Analysis, Technology, Excel, Big Data, MS Excel, Programming, Operations, Keras, Exploratory Data Analysis, Convolutional Neural Network, Data Analysis, Mac, Computer Science, Translation, Flume, Data, Science, Matplotlib, Multivariate Analysis, Hadoop, Statistical Analysis, Coding, Management, Algorithms, Pig, Seaborn, Statistics, Optimization, Statistical Modelling, Business Objects, Linux, Data Mining, Developer, R-Studio, Java, Data Warehousing, OLAP, Data Sets, SAP Business Objects, Microsoft Azure, SAS, Certifications, Spark, Numpy, sklearn, Enterprise Miner, Big Data Analytics, Development, Pandas, Text Analytics, Reporting, Data Analytics, Decision Analytics, Oracle SQL Developer, SQL, PLSQL, Information Technology, Reports, Image Processing, Hive, Technical, MS Visual Studio, Analytics, Hadoop ecosystem, Forecasting, Data Visualization, Sqoop, image classification, Networks, Lumira, SAP NetWeaver, BEX Query Designer and Analyzer, R, SAP Design Studio, C#",108
 Big Data Analytics Intern, GLOBALFOUNDRIES," Malta, NY", Internship,9,,55.88,https://www.indeed.com/rc/clk?jk=620daddb9671c2fe&fccid=6a2e5a5f89491e88&vjs=3,34,"Communication, Python, Email, Spark, C, Electrical, Computer, Development, Technology, Excel, Big Data, Programming, Security, Attention to Detail, SQL, Engineering, Processing, Software Engineering, AWS, Technical, Programming Languages, Mac, Physics, Computer Science, Data Sets, Machine Learning Techniques, Support, Java, Data, Languages, Science, Software, Oral Communication, R",19,"Python, Big Data, Technical, Mac, Java, Programming, Computer Science, Data, Spark, C, Science, SQL, Processing, Computer, Data Sets, Development, R, Technology, Excel",15,"Communication, AWS, Machine Learning Techniques, Email, Programming Languages, Support, Software, Physics, Languages, Security, Attention to Detail, Engineering, Electrical, Software Engineering, Oral Communication",89,"Python, Statistical Learning, Leadership, Code, Tools, Toad, Computer, ETL, MapReduce, Machine Learning Algorithms, Decision making, Processing, sci-kit learn, Analysis, Data Science, Tableau, Quantitative, SAP HANA, CNN, Tensorflow, HANA, Quantitative Analysis, Decision Making, Design, Jupyter Notebooks, C++, Hadoop Streaming, NLTK, Oracle, image classification problem, C, Windows, Spyder, Predictive Quantitative Analysis, Technology, Excel, Big Data, MS Excel, Programming, Operations, Keras, Exploratory Data Analysis, Convolutional Neural Network, Data Analysis, Mac, Computer Science, Translation, Flume, Data, Science, Matplotlib, Multivariate Analysis, Hadoop, Statistical Analysis, Coding, Management, Algorithms, Pig, Seaborn, Statistics, Optimization, Statistical Modelling, Business Objects, Linux, Data Mining, Developer, R-Studio, Java, Data Warehousing, OLAP, Data Sets, SAP Business Objects, Microsoft Azure, SAS, Certifications, Spark, Numpy, sklearn, Enterprise Miner, Big Data Analytics, Development, Pandas, Text Analytics, Reporting, Data Analytics, Decision Analytics, Oracle SQL Developer, SQL, PLSQL, Information Technology, Reports, Image Processing, Hive, Technical, MS Visual Studio, Analytics, Hadoop ecosystem, Forecasting, Data Visualization, Sqoop, image classification, Networks, Lumira, SAP NetWeaver, BEX Query Designer and Analyzer, R, SAP Design Studio, C#",108
 Intern - Machine Learning Innovation (Summer 2018), Volvo Group," Hagerstown, MD"," Temporary, Internship",2,,55.56,https://www.indeed.com/rc/clk?jk=0549c3970b3ca05a&fccid=0f63e537c80f169b&vjs=3,45,"Communication, Python, Planning, Code, Tools, C, Computer, Development, Mechanical, Technology, Management, Excel, Responsibility, Algorithms, Statistics, Applications,  concepts, Programming, Operations, Optimization, Verbal, Data Analytics, Machine Learning Algorithms, Engineering, Manufacturing, Technical, Problem-solving, Mac, Software, Computer Science, Analytics, Goals, Flexibility, Design, Adaptability, IT Solutions, Support, Writing, Data, Innovation, Science, Math, C++, R, Optimizing",25,"Python, Code, Tools, C, Computer, Development, Technology, Excel, Management, Algorithms, Statistics, Programming, Operations, Optimization, Data Analytics, Machine Learning Algorithms, Technical, Mac, Computer Science, Analytics, Design, Data, Science, C++, R",20,"Communication, Responsibility, Flexibility, IT Solutions, Problem-solving, Adaptability, Planning, Support, Writing, Applications,  concepts, Optimizing, Innovation, Verbal, Math, Engineering, Software, Goals, Mechanical, Manufacturing",83,"Python, Statistical Learning, Leadership, Code, Tools, Toad, Computer, ETL, MapReduce, Machine Learning Algorithms, Decision making, Processing, sci-kit learn, Analysis, Data Science, Tableau, Quantitative, SAP HANA, CNN, Tensorflow, HANA, Quantitative Analysis, Decision Making, Design, Jupyter Notebooks, C++, Hadoop Streaming, NLTK, Oracle, image classification problem, C, Windows, Spyder, Predictive Quantitative Analysis, Technology, Excel, Big Data, MS Excel, Programming, Operations, Keras, Exploratory Data Analysis, Convolutional Neural Network, Data Analysis, Mac, Computer Science, Translation, Flume, Data, Science, Matplotlib, Multivariate Analysis, Hadoop, Statistical Analysis, Coding, Management, Algorithms, Pig, Seaborn, Statistics, Optimization, Statistical Modelling, Business Objects, Linux, Data Mining, Developer, R-Studio, Java, Data Warehousing, OLAP, Data Sets, SAP Business Objects, Microsoft Azure, SAS, Certifications, Spark, Numpy, sklearn, Enterprise Miner, Big Data Analytics, Development, Pandas, Text Analytics, Reporting, Data Analytics, Decision Analytics, Oracle SQL Developer, SQL, PLSQL, Information Technology, Reports, Image Processing, Hive, Technical, MS Visual Studio, Analytics, Hadoop ecosystem, Forecasting, Data Visualization, Sqoop, image classification, Networks, Lumira, SAP NetWeaver, BEX Query Designer and Analyzer, R, SAP Design Studio, C#",108
 Machine Learning Internship, In-Q-Tel," Arlington, VA 22201", Internship,3,,55.56,https://www.indeed.com/rc/clk?jk=1f16d7f48f6fb404&fccid=9c0f9278e73b7e22&vjs=3,27,"Communication, Testing, Python, Visio, Mathematics, C, Computer, Development, Vision, Algorithms, Analytical , Programming, Machine Learning Algorithms, Quantitative, Mac, Physics, Computer Science, Tensorflow, Analytical, Support, Data, Science, Math, C++, R, Optimizing, Research",15,"Algorithms, Python, Quantitative, Mac, Programming, Computer Science, Data, Tensorflow, C, Machine Learning Algorithms, Science, C++, Computer, Development, R",12,"Communication, Testing, Analytical , Support, Physics, Research, Visio, Optimizing, Mathematics, Math, Vision, Analytical",93,"Python, Statistical Learning, Leadership, Code, Tools, Toad, Computer, ETL, MapReduce, Machine Learning Algorithms, Decision making, Processing, sci-kit learn, Analysis, Data Science, Tableau, Quantitative, SAP HANA, CNN, Tensorflow, HANA, Quantitative Analysis, Decision Making, Design, Jupyter Notebooks, C++, Hadoop Streaming, NLTK, Oracle, image classification problem, C, Windows, Spyder, Predictive Quantitative Analysis, Technology, Excel, Big Data, MS Excel, Programming, Operations, Keras, Exploratory Data Analysis, Convolutional Neural Network, Data Analysis, Mac, Computer Science, Translation, Flume, Data, Science, Matplotlib, Multivariate Analysis, Hadoop, Statistical Analysis, Coding, Management, Algorithms, Pig, Seaborn, Statistics, Optimization, Statistical Modelling, Business Objects, Linux, Data Mining, Developer, R-Studio, Java, Data Warehousing, OLAP, Data Sets, SAP Business Objects, Microsoft Azure, SAS, Certifications, Spark, Numpy, sklearn, Enterprise Miner, Big Data Analytics, Development, Pandas, Text Analytics, Reporting, Data Analytics, Decision Analytics, Oracle SQL Developer, SQL, PLSQL, Information Technology, Reports, Image Processing, Hive, Technical, MS Visual Studio, Analytics, Hadoop ecosystem, Forecasting, Data Visualization, Sqoop, image classification, Networks, Lumira, SAP NetWeaver, BEX Query Designer and Analyzer, R, SAP Design Studio, C#",108
 Data Science Intern, Dataiku," New York, NY"," Full-time, Internship",7,,55.56,https://www.indeed.com/rc/clk?jk=070debc884d03631&fccid=4640437a3109c91f&vjs=3,18,"Testing, Visualizations, Python, Data Science, Training, Usability, Mac, Machine Learning Models, Data, Languages, R, Tools, C, Science, Processing, Coding, Research, Researching",10,"Python, Data Science, Coding, Mac, Data, Tools, C, Science, Processing, R",8,"Testing, Visualizations, Training, Usability, Machine Learning Models, Languages, Research, Researching",98,"Python, Statistical Learning, Leadership, Code, Tools, Toad, Computer, ETL, MapReduce, Machine Learning Algorithms, Decision making, Processing, sci-kit learn, Analysis, Data Science, Tableau, Quantitative, SAP HANA, CNN, Tensorflow, HANA, Quantitative Analysis, Decision Making, Design, Jupyter Notebooks, C++, Hadoop Streaming, NLTK, Oracle, image classification problem, C, Windows, Spyder, Predictive Quantitative Analysis, Technology, Excel, Big Data, MS Excel, Programming, Operations, Keras, Exploratory Data Analysis, Convolutional Neural Network, Data Analysis, Mac, Computer Science, Translation, Flume, Data, Science, Matplotlib, Multivariate Analysis, Hadoop, Statistical Analysis, Coding, Management, Algorithms, Pig, Seaborn, Statistics, Optimization, Statistical Modelling, Business Objects, Linux, Data Mining, Developer, R-Studio, Java, Data Warehousing, OLAP, Data Sets, SAP Business Objects, Microsoft Azure, SAS, Certifications, Spark, Numpy, sklearn, Enterprise Miner, Big Data Analytics, Development, Pandas, Text Analytics, Reporting, Data Analytics, Decision Analytics, Oracle SQL Developer, SQL, PLSQL, Information Technology, Reports, Image Processing, Hive, Technical, MS Visual Studio, Analytics, Hadoop ecosystem, Forecasting, Data Visualization, Sqoop, image classification, Networks, Lumira, SAP NetWeaver, BEX Query Designer and Analyzer, R, SAP Design Studio, C#",108
 Marketing Data Intern, Sheehan Family Companies," New Paltz, NY"," Temporary, Internship",0.21,,55.17,https://www.indeed.com/rc/clk?jk=5f397f9c542c0b87&fccid=9a3572738743bdd1&vjs=3,29,"Deadlines, Microsoft Excel, Effectiveness, C, Computer, Development, Excel, Management, Analytical , Applications, Operations, Optimization, EDA, Attention to Detail, Data Analysis, Personal, Reports, Analysis, Technical, Computer Science, Organizational, Analytical, Design, Support, Organization, Data, Science, Work Independently, R",16,"Analysis, Technical, Design, Computer Science, Data, Operations, Optimization, C, Reports, Science, Computer, Development, R, Data Analysis, Excel, Management",13,"Analytical , Support, Deadlines, Microsoft Excel, Applications, Effectiveness, Organization, EDA, Attention to Detail, Work Independently, Organizational, Personal, Analytical",92,"Python, Statistical Learning, Leadership, Code, Tools, Toad, Computer, ETL, MapReduce, Machine Learning Algorithms, Decision making, Processing, sci-kit learn, Analysis, Data Science, Tableau, Quantitative, SAP HANA, CNN, Tensorflow, HANA, Quantitative Analysis, Decision Making, Design, Jupyter Notebooks, C++, Hadoop Streaming, NLTK, Oracle, image classification problem, C, Windows, Spyder, Predictive Quantitative Analysis, Technology, Excel, Big Data, MS Excel, Programming, Operations, Keras, Exploratory Data Analysis, Convolutional Neural Network, Data Analysis, Mac, Computer Science, Translation, Flume, Data, Science, Matplotlib, Multivariate Analysis, Hadoop, Statistical Analysis, Coding, Management, Algorithms, Pig, Seaborn, Statistics, Optimization, Statistical Modelling, Business Objects, Linux, Data Mining, Developer, R-Studio, Java, Data Warehousing, OLAP, Data Sets, SAP Business Objects, Microsoft Azure, SAS, Certifications, Spark, Numpy, sklearn, Enterprise Miner, Big Data Analytics, Development, Pandas, Text Analytics, Reporting, Data Analytics, Decision Analytics, Oracle SQL Developer, SQL, PLSQL, Information Technology, Reports, Image Processing, Hive, Technical, MS Visual Studio, Analytics, Hadoop ecosystem, Forecasting, Data Visualization, Sqoop, image classification, Networks, Lumira, SAP NetWeaver, BEX Query Designer and Analyzer, R, SAP Design Studio, C#",108
" Research Scientist Machine Learning, Deep Reinforcement Learning", Autodesk," San Francisco, CA",,1,,55.17,https://www.indeed.com/rc/clk?jk=f97f5a394faf6167&fccid=7136762d065a5ad7&vjs=3,29,"Python, Planning, Tools, C, Construction, Coding, Computer, Management, User Experience, Algorithms, Applications,  concepts, Programming, Optimization, Scheduling, Engineering, Manufacturing, Mac, Computer Science, Tensorflow, Architecture, Design, Writing, Data, Science, Math, Software, R, Research",16,"Algorithms, Python, Design, Mac, Programming, Computer Science, Data, Optimization, Tensorflow, Tools, C, Science, Coding, Computer, R, Management",13,"User Experience, Architecture, Planning, Writing, Applications,  concepts, Construction, Math, Scheduling, Engineering, Software, Manufacturing, Research",92,"Python, Statistical Learning, Leadership, Code, Tools, Toad, Computer, ETL, MapReduce, Machine Learning Algorithms, Decision making, Processing, sci-kit learn, Analysis, Data Science, Tableau, Quantitative, SAP HANA, CNN, Tensorflow, HANA, Quantitative Analysis, Decision Making, Design, Jupyter Notebooks, C++, Hadoop Streaming, NLTK, Oracle, image classification problem, C, Windows, Spyder, Predictive Quantitative Analysis, Technology, Excel, Big Data, MS Excel, Programming, Operations, Keras, Exploratory Data Analysis, Convolutional Neural Network, Data Analysis, Mac, Computer Science, Translation, Flume, Data, Science, Matplotlib, Multivariate Analysis, Hadoop, Statistical Analysis, Coding, Management, Algorithms, Pig, Seaborn, Statistics, Optimization, Statistical Modelling, Business Objects, Linux, Data Mining, Developer, R-Studio, Java, Data Warehousing, OLAP, Data Sets, SAP Business Objects, Microsoft Azure, SAS, Certifications, Spark, Numpy, sklearn, Enterprise Miner, Big Data Analytics, Development, Pandas, Text Analytics, Reporting, Data Analytics, Decision Analytics, Oracle SQL Developer, SQL, PLSQL, Information Technology, Reports, Image Processing, Hive, Technical, MS Visual Studio, Analytics, Hadoop ecosystem, Forecasting, Data Visualization, Sqoop, image classification, Networks, Lumira, SAP NetWeaver, BEX Query Designer and Analyzer, R, SAP Design Studio, C#",108
